{"mar25": {"volume": 1134428712.27813, "profit": 390793725.74693114, "bases": 10899, "companies": 2314}, "apr25": {"volume": 1170281021.8538406, "profit": 403731136.7861347, "bases": 11365, "companies": 2396}, "may25": {"volume": 1151048009.7929459, "profit": 388929387.20311487, "bases": 11608, "companies": 2382}, "jun25": {"volume": 1160636253.4295273, "profit": 380926221.05637777, "bases": 11984, "companies": 2469}, "jul25": {"volume": 1238995867.8477135, "profit": 397758010.48771286, "bases": 12137, "companies": 2261}, "aug25": {"volume": 1288511532.41081, "profit": 417374461.5363199, "bases": 12467, "companies": 2188}, "sep25": {"volume": 1368401873.2047088, "profit": 442489805.70250636, "bases": 12688, "companies": 2109}}