{"mar25": {"volume": 1134428712.27813, "profit": 388698744.4857742, "bases": 10899, "companies": 2314}, "apr25": {"volume": 1170281021.8538406, "profit": 401506109.3992585, "bases": 11365, "companies": 2396}, "may25": {"volume": 1151048009.7929459, "profit": 386771561.50719714, "bases": 11608, "companies": 2382}, "jun25": {"volume": 1160636253.4295273, "profit": 378768116.03783643, "bases": 11984, "companies": 2469}, "jul25": {"volume": 1238995867.8477135, "profit": 395611332.84227026, "bases": 12137, "companies": 2261}, "aug25": {"volume": 1288511532.41081, "profit": 415192240.3992885, "bases": 12467, "companies": 2188}, "sep25": {"volume": 1368911564.5130417, "profit": 440366455.3044228, "bases": 12688, "companies": 2109}, "oct25": {"volume": 1498993640.113661, "profit": 470388512.38469, "bases": 13558, "companies": 2597}, "nov25": {"volume": 1594397514.8665, "profit": 483713082.8231541, "bases": 14270, "companies": 2878}, "dec25": {"volume": 1746891305.8955295, "profit": 524916880.12899554, "bases": 15649, "companies": 3751}, "jan26": {"volume": 2041775534.012063, "profit": 596691720.7240803, "bases": 16834, "companies": 3521}}