{"mar25": {"volume": 1134350712.3015442, "profit": 364054330.9593839, "bases": 10899, "companies": 2314}, "apr25": {"volume": 1170065021.8285668, "profit": 377474997.8603419, "bases": 11365, "companies": 2396}, "may25": {"volume": 1150916009.799941, "profit": 366918252.04389006, "bases": 11608, "companies": 2382}, "jun25": {"volume": 1160426253.4035459, "profit": 358944276.5024666, "bases": 11984, "companies": 2469}, "jul25": {"volume": 1238689867.861104, "profit": 375555557.06412363, "bases": 12137, "companies": 2261}, "aug25": {"volume": 1281654061.5864966, "profit": 392206867.06230795, "bases": 12467, "companies": 2188}}