{"mar25": {"volume": 1134428712.27813, "profit": 390615597.32166505, "bases": 10899, "companies": 2314}, "apr25": {"volume": 1170281021.8538406, "profit": 403566743.97353494, "bases": 11365, "companies": 2396}, "may25": {"volume": 1151048009.7929459, "profit": 388747832.3144531, "bases": 11608, "companies": 2382}, "jun25": {"volume": 1160636253.4295273, "profit": 380725178.62920505, "bases": 11984, "companies": 2469}, "jul25": {"volume": 1238995867.8477135, "profit": 397515141.7991836, "bases": 12137, "companies": 2261}, "aug25": {"volume": 1288511532.41081, "profit": 417096991.15034616, "bases": 12467, "companies": 2188}, "sep25": {"volume": 1368911564.5130417, "profit": 442274273.3166023, "bases": 12688, "companies": 2109}, "oct25": {"volume": 1498993640.113661, "profit": 472440117.31955093, "bases": 13558, "companies": 2597}, "nov25": {"volume": 1594397514.8665, "profit": 485896790.7269925, "bases": 14270, "companies": 2878}}